"BROKEN","EPIC","FAILED","FEATURE","PASSED","SKIPPED","STORY","UNKNOWN"
"0","","0","Лента заказов","1","0","Статусы заказов","0"
"0","","0","Основной функционал приложения","2","0","Модальные окна ингредиентов","0"
"0","","0","Лента заказов","1","0","Просмотр деталей заказа","0"
"0","","0","Восстановление доступа","1","0","Процесс восстановления","0"
"0","","0","Основной функционал приложения","1","0","Работа с конструктором","0"
"0","","0","Лента заказов","2","0","Статистика заказов","0"
"0","","0","Восстановление доступа","1","0","Навигация","0"
"0","","0","Лента заказов","1","0","Отображение заказов пользователя","0"
"0","","0","Личный кабинет пользователя","1","0","История заказов","0"
"0","","0","Основной функционал приложения","1","0","Оформление заказа","0"
"0","","0","Личный кабинет пользователя","1","0","Авторизация","0"
"0","","0","Основной функционал приложения","2","0","Навигация","0"
"0","","0","Личный кабинет пользователя","1","0","Выход из системы","0"
"0","","0","Восстановление доступа","1","0","Интерфейс поля пароля","0"
