"DESCRIPTION","DURATION IN MS","NAME","PARENT SUITE","START TIME","STATUS","STOP TIME","SUB SUITE","SUITE","TEST CLASS","TEST METHOD"
"","20867","Проверка появления нового заказа в разделе 'В работе'","tests","2026-09-26","passed","2026-09-26","TestOrderFeed","test_order_feed","",""
"","5180","Проверка закрытия модального окна ингредиента по клику на крестик","tests","2026-09-26","passed","2026-09-26","TestMainFunctionality","test_main_functionality","",""
"","3638","Проверка открытия модального окна заказа при клике на него в ленте","tests","2026-09-26","passed","2026-09-26","TestOrderFeed","test_order_feed","",""
"","931","Проверка ввода email и редиректа после нажатия кнопки восстановления","tests","2026-09-26","passed","2026-09-26","TestForgotPassword","test_forgot_password","",""
"","4008","Проверка открытия модального окна ингредиента при клике","tests","2026-09-26","passed","2026-09-26","TestMainFunctionality","test_main_functionality","",""
"","4414","Проверка увеличения счетчика ингредиентов при добавлении булочки","tests","2026-09-26","passed","2026-09-26","TestMainFunctionality","test_main_functionality","",""
"","18806","Проверка увеличения счетчика 'Выполнено за сегодня' при создании заказа","tests","2026-09-26","passed","2026-09-26","TestOrderFeed","test_order_feed","",""
"","2834","Проверка перехода на страницу восстановления пароля по ссылке","tests","2026-09-26","passed","2026-09-26","TestForgotPassword","test_forgot_password","",""
"","16794","Проверка отображения только что созданного заказа в общей ленте","tests","2026-09-26","passed","2026-09-26","TestOrderFeed","test_order_feed","",""
"","7329","Проверка навигации в историю заказов из аккаунта","tests","2026-09-26","passed","2026-09-26","TestAccount","test_account","",""
"","12368","Проверка успешного создания заказа авторизованным пользователем","tests","2026-09-26","passed","2026-09-26","TestMainFunctionality","test_main_functionality","",""
"","1012","Проверка перехода на страницу логина по кнопке","tests","2026-09-26","passed","2026-09-26","TestAccount","test_account","",""
"","967","Проверка перехода на страницу Конструктора","tests","2026-09-26","passed","2026-09-26","TestMainFunctionality","test_main_functionality","",""
"","8286","Проверка корректного выхода из личного кабинета","tests","2026-09-26","passed","2026-09-26","TestAccount","test_account","",""
"","969","Проверка перехода в Ленту заказов","tests","2026-09-26","passed","2026-09-26","TestMainFunctionality","test_main_functionality","",""
"","2680","Проверка активации поля пароля при клике на иконку глаза","tests","2026-09-26","passed","2026-09-26","TestForgotPassword","test_forgot_password","",""
"","18827","Проверка увеличения счетчика 'Выполнено за всё время' при создании заказа","tests","2026-09-26","passed","2026-09-26","TestOrderFeed","test_order_feed","",""
